SSOP,TAP,EX,PIMS Punch,SPIE,NR13,SIG,TagLines,TOOLs,TRAINING,CTO,F.Status,Primeiro Description
5111-501,OK,OK,OK,OK,NOK,NOK,OK,NOK,OK,OK,NOK,SEAWATER MAIN HEADER
5111-504,OK,OK,OK,OK,NOK,OK,OK,NOK,NOK,OK,NOK,MARINE GROWING PROTECTION SYSTEM UNIT (Z-5260501A/B)
5115-501,NOK,OK,OK,OK,NOK,NOK,OK,NOK,NOK,OK,NOK,FRESH WATER STORAGE TANKS AND LOADING HEADER (TQ-5115502S/P)
5115-502,NOK,OK,OK,OK,NOK,NOK,OK,NOK,NOK,OK,NOK,FRESHWATER HYDROPHORE UNIT & DISTRIBUTION (Z-5115501)
5121-501,NOK,OK,OK,OK,NOK,NOK,OK,NOK,NOK,OK,NOK,"POTABLE WATER MAKER, ULTRAVIOLET STERILIZER UNIT AND DISTRIBUTION (UM-5121501A/B & Z-5121501A/B)"
5124-502,NOK,OK,OK,NOK,NOK,NOK,OK,NOK,NOK,OK,NOK,CENTRAL FRESH WATER SYSTEM (B-5120503A/B/C/D & P-5120501A/B)
5125-501,NOK,OK,NOK,OK,NOK,NOK,NOK,NOK,NOK,OK,NOK,CALORIFIER UNIT & DISTRIBUTION (Z-5125501)
5133-501,NOK,OK,OK,OK,NOK,OK,OK,NOK,OK,OK,NOK,DIESEL OIL STORAGE SYSTEM (TQ-5133501S/P)
5133-503,NOK,OK,OK,OK,NOK,NOK,NOK,NOK,NOK,OK,NOK,DIESEL OIL SERVICE PUMPS AND  DISTRIBUTION (B-5133501A/B)
5133-504,NOK,OK,OK,OK,NOK,NOK,OK,NOK,NOK,OK,NOK,D.O. WELL TRANSFER PUMP (B-5133502A/B)
5134-504,NOK,NOK,NOK,NOK,NOK,NOK,NOK,NOK,NOK,OK,NOK,AIR COMPRESSOR UNIT UC-5134501A
5134-505,NOK,NOK,NOK,NOK,NOK,NOK,NOK,NOK,NOK,OK,NOK,AIR COMPRESSOR UNIT UC-5134501B
5134-506,NOK,OK,NOK,NOK,NOK,NOK,NOK,NOK,NOK,OK,NOK,AIR COMPRESSOR UNIT UC-5134502A&AIR DRYING UNIT UA-5134501A&AIR RECEIVER V-5134501A&DISTRIBUTION
5134-507,NOK,OK,NOK,NOK,NOK,NOK,NOK,NOK,NOK,OK,NOK,AIR COMPRESSOR UNIT UC-5134502B&AIR DRYING UNIT UA-5134501B/C&AIR RECEIVER V-5134501B/C
5134-508,OK,OK,OK,OK,NOK,NOK,OK,NOK,NOK,OK,NOK,QUICK CLOSING VALVE SYSTEM
5138-501,OK,OK,OK,NOK,NOK,NOK,OK,NOK,OK,OK,NOK,EMERGENCY GENERATOR STARTUP AIR COMPRESSOR & VESSEL& DISTRIBUTION (UC-UG-5261501 & V-UG-5261501)
5138-502,OK,OK,NOK,OK,NOK,OK,OK,NOK,OK,OK,NOK,AUX. GENERATOR STARTUP AIR COMPRESSOR & VESSEL& DISTRIBUTION (UC-5138501A/B & V-UC-5138501A/B)
5139-501,NOK,OK,NOK,NOK,NOK,NOK,OK,NOK,NOK,OK,NOK,HYDRAULIC POWER UNIT A FOR SUBMERGED PUMPS & DISTRIBUTION & PORTABLE PUMP(UH-5139502A & B-5139502A/B)
5139-502,NOK,OK,NOK,NOK,NOK,NOK,OK,NOK,NOK,OK,NOK,HYDRAULIC POWER UNIT B FOR SUBMERGED PUMPS & DISTRIBUTION(UH-5139502B)
5252-501,NOK,OK,NOK,OK,NOK,NOK,OK,NOK,NOK,OK,NOK,WATER COOLED CHILLER UNIT A &  PRIMARY PUMP A(UR-5252501A & B-5252501A)
5252-502,NOK,OK,NOK,OK,NOK,NOK,OK,NOK,NOK,OK,NOK,WATER COOLED CHILLER UNIT B &  PRIMARY PUMP B(UR-5252501B & B-5252501B)
5252-503,NOK,OK,NOK,OK,NOK,NOK,OK,NOK,NOK,OK,NOK,WATER COOLED CHILLER UNIT C &  PRIMARY PUMP C(UR-5252501C & B-5252501C)
5252-504,NOK,OK,NOK,OK,NOK,NOK,OK,NOK,NOK,OK,NOK,WATER COOLED CHILLER UNIT D &  PRIMARY PUMP D(UR-5252501D & B-5252501D)
5252-508,NOK,OK,NOK,OK,NOK,NOK,OK,NOK,NOK,OK,NOK,AIR HANDLING UNIT FOR TELECOM CONTROL ROOM/TELECOM PANEL ROOM
5252-509,NOK,OK,NOK,OK,NOK,NOK,OK,NOK,NOK,OK,NOK,AIR HANDLING UNIT FOR CCR/RADIO ROOM
5252-510,NOK,OK,NOK,OK,NOK,NOK,OK,NOK,NOK,OK,NOK,AIR HANDLING UNIT FOR TELECOM CCR/CCR EQUIPMENT AMBIENCE ROOM
5252-516,NOK,OK,OK,OK,NOK,NOK,OK,NOK,NOK,OK,NOK,SELF-CONTAINED UNIT A/B FOR FWD PANELS ROOM
5253-501,NOK,OK,NOK,OK,NOK,NOK,OK,NOK,NOK,OK,NOK,REFRIGERATING UNIT FOR COLD ROOMS
5271-503,NOK,OK,OK,OK,NOK,NOK,NOK,NOK,NOK,OK,NOK,"SLOP PUMP A, TANK CLEANING MACHINES HEADER & BUTTERWORTH HEATER (B-5271501A)"
5336-501,NOK,OK,OK,NOK,NOK,OK,NOK,NOK,NOK,OK,NOK,"SLOP TANK AND DISCHARGE PUMP A/B, SLOP TRANTMENT UNIT AND HEADER (B-5336503A/B &Z-5336501)"
5336-510,NOK,OK,OK,NOK,NOK,NOK,OK,OK,OK,OK,NOK,OILY WATER SEPARATOR PACKAGE (SAO-5330501)
5520-508,NOK,OK,NOK,OK,NOK,NOK,OK,NOK,NOK,OK,NOK,CSS REMOTE I/O PANEL PN-5520508
1223-501,NOK,NOK,OK,OK,OK,OK,NOK,NOK,NOK,OK,NOK,OFF-SPEC OIL PUMP AND TANK
1300-501,OK,NOK,OK,OK,OK,OK,OK,NOK,NOK,Check,NOK,CONTROL AND MONITORING FOR RISER SUPPORTS-GROUP 1
1300-502,OK,NOK,OK,OK,OK,OK,OK,NOK,NOK,Check,NOK,CONTROL AND MONITORING FOR RISER SUPPORTS-GROUP 2
1300-503,OK,NOK,OK,OK,OK,OK,OK,NOK,NOK,Check,NOK,CONTROL AND MONITORING FOR RISER SUPPORTS-GROUP 3
1300-504,OK,NOK,OK,OK,OK,OK,OK,NOK,NOK,Check,NOK,CONTROL AND MONITORING FOR RISER SUPPORTS-GROUP 4
1300-505,OK,NOK,OK,OK,OK,OK,OK,NOK,NOK,Check,NOK,CONTROL AND MONITORING FOR RISER SUPPORTS-GROUP 5
1300-506,OK,OK,OK,OK,OK,OK,OK,NOK,NOK,Check,NOK,CONTROL AND MONITORING FOR RISER SUPPORTS-GROUP 6
1300-507,OK,NOK,OK,OK,OK,OK,OK,NOK,NOK,Check,NOK,CONTROL AND MONITORING FOR RISER SUPPORTS-GROUP 7
1300-508,OK,OK,OK,OK,OK,OK,OK,NOK,NOK,Check,NOK,CONTROL AND MONITORING FOR RISER SUPPORTS-GROUP 8
1300-509,OK,OK,OK,OK,OK,OK,OK,NOK,NOK,Check,NOK,CONTROL AND MONITORING FOR RISER SUPPORTS-GROUP 9
1300-510,OK,OK,OK,OK,OK,OK,OK,NOK,NOK,Check,NOK,CONTROL AND MONITORING FOR RISER SUPPORTS-GROUP 10
1357-501,NOK,OK,NOK,NOK,OK,NOK,OK,OK,NOK,OK,NOK,MOORING SYSTEM HPU AND AFT MOORING SYSTEM (UH-5139505A & Z-5139501C/D)
1357-502,NOK,OK,OK,NOK,OK,NOK,OK,OK,NOK,OK,NOK,MOORING SYSTEM HPU AND FWD STARBOARD MOORING SYSTEM (UH-5139505B & Z-5139501A/B)
1358-501,NOK,OK,OK,OK,OK,NOK,OK,NOK,OK,OK,NOK,LOADING HEADER
1358-502,OK,NOK,OK,OK,OK,NOK,OK,OK,NOK,OK,NOK,CARGO TANK & PUMP_NO1 WING (PS) AND HEADER (B-1350501A & TQ-1358501P)
1358-503,OK,NOK,OK,OK,OK,NOK,OK,OK,NOK,OK,NOK,CARGO TANK & PUMP_NO3 WING (PS) (B-1350501E & TQ-1358503P)
1358-504,OK,NOK,OK,OK,OK,NOK,OK,OK,NOK,OK,NOK,CARGO TANK & PUMP_NO4 WING (PS) (B-1350501G & TQ-1358504P)
1358-505,OK,NOK,OK,OK,OK,NOK,OK,OK,NOK,OK,NOK,CARGO TANK & PUMP_NO5 WING (PS) (B-1350501K & TQ-1358505P)
1358-506,OK,NOK,OK,OK,OK,NOK,OK,OK,NOK,OK,NOK,CARGO TANK & PUMP_NO6 WING (PS) (B-1350501N & TQ-1358506P)
1358-507,OK,NOK,OK,OK,OK,NOK,OK,OK,NOK,OK,NOK,CARGO TANK & PUMP_NO7 WING (PS) (B-1350501R & TQ-1358507P)
1358-508,OK,NOK,OK,OK,OK,NOK,OK,OK,NOK,OK,NOK,CARGO TANK & PUMP_NO1 WING (SB) (B-1350501C & TQ-1358501S)
1358-509,OK,NOK,OK,OK,OK,NOK,OK,OK,NOK,OK,NOK,CARGO TANK & PUMP_NO3 WING (SB) (B-1350501F & TQ-1358503S)
1358-510,NOK,NOK,OK,OK,OK,NOK,OK,OK,NOK,OK,NOK,CARGO TANK & PUMP_NO4 WING (SB) (B-1350501J & TQ-1358504S)
1358-511,OK,NOK,OK,OK,OK,NOK,OK,OK,NOK,OK,NOK,CARGO TANK & PUMP_NO5 WING (SB) (B-1350501M & TQ-1358505S)
1358-512,NOK,NOK,OK,OK,OK,NOK,OK,OK,NOK,OK,NOK,CARGO TANK & PUMP_NO6 WING (SB) (B-1350501Q & TQ-1358506S)
1358-513,OK,NOK,OK,OK,OK,NOK,OK,OK,NOK,OK,NOK,CARGO TANK & PUMP_NO7 WING (SB) (B-1350501T & TQ-1358507S)
1358-514,NOK,NOK,OK,OK,OK,OK,OK,OK,NOK,OK,NOK,CARGO TANK & PUMP_NO1 CENTRAL (B-1350501B & TQ-1358501C)
1358-515,OK,NOK,OK,OK,OK,NOK,OK,OK,NOK,OK,NOK,CARGO TANK & PUMP_NO2 CENTRAL (B-1350501D & TQ-1358502C)
1358-516,OK,NOK,OK,OK,OK,OK,OK,OK,NOK,OK,NOK,CARGO TANK & PUMP_NO4 CENTRAL (B-1350501H & TQ-1358504C)
1358-517,OK,NOK,OK,OK,OK,NOK,OK,OK,NOK,OK,NOK,CARGO TANK & PUMP_NO5 CENTRAL (B-1350501L & TQ-1358505C)
1358-518,OK,NOK,OK,OK,OK,NOK,OK,OK,NOK,OK,NOK,CARGO TANK & PUMP_NO6 CENTRAL (B-1350501P & TQ-1358506C)
1358-519,OK,NOK,OK,OK,OK,NOK,OK,OK,NOK,OK,NOK,CARGO TANK & PUMP_NO7 CENTRAL (B-1350501S & TQ-1358507C)
1358-520,OK,OK,OK,OK,OK,NOK,OK,NOK,OK,OK,NOK,COFFERDAM DRAINAGE SYSTEM AND VOID SPACE (TQ-1358508 & TQ-1358510C)
1359-501,NOK,OK,OK,OK,OK,OK,NOK,NOK,NOK,OK,NOK,OFFLOADING MANIFOLD
1359-502,NOK,OK,NOK,NOK,OK,OK,NOK,NOK,NOK,OK,NOK,OFFLOADING SYSTEM AFT (Z-1359502)
1359-503,NOK,NOK,NOK,NOK,OK,OK,NOK,NOK,NOK,OK,NOK,OFFLOADING SYSTEM FWD (Z-1359506)
5111-502,NOK,OK,OK,OK,OK,NOK,OK,NOK,OK,OK,NOK,ENGINE ROOM COOLING SEAWATER PUMP A/B/C & DISTRIBUTION
5111-503,NOK,OK,NOK,OK,OK,OK,OK,NOK,OK,OK,NOK,"BALLAST (AFT), BILGE AND GENERAL SERVICE PUMP & DISTRIBUTION （B-5330502A/B）"
5115-503,OK,OK,OK,OK,OK,OK,OK,NOK,NOK,OK,NOK,FRESH WATER FOR MAIN DECK DISTRIBUTION
5115-504,NOK,OK,OK,OK,OK,NOK,OK,NOK,NOK,OK,NOK,"DISTILLED WATER STORAGE TANKS, PUMPS & DISTRIBUTION (B-5115503A/B & TQ-5115501S/P)"
5115-505,NOK,OK,OK,OK,OK,OK,OK,NOK,NOK,OK,NOK,FRESH WATER FOR ENGINE ROOM DISTRIBUTION
5121-502,NOK,OK,OK,OK,OK,OK,NOK,NOK,NOK,OK,NOK,POTABLE WATER TO ACCOMMODATION AND ENGINE ROOM DISTRIBUTION
5121-503,NOK,OK,OK,OK,OK,OK,OK,NOK,NOK,OK,NOK,POTABLE WATER TO FORE CASTLE FROM TOPSIDE POTABLE WATER DISTRIBUTION
5121-504,NOK,OK,OK,OK,OK,OK,NOK,NOK,NOK,OK,NOK,POTABLE WATER TO LABORATORY EQUIPMENT -M15B
5124-501,OK,OK,OK,OK,OK,OK,OK,NOK,NOK,OK,NOK,ENGINE ROOM CENTRAL FRESH WATER SYSTEM DISTRIBUTION AND RETURN
5124-503,OK,OK,OK,OK,OK,NOK,OK,NOK,OK,OK,NOK,ACCOMMODATION CENTRAL FRESH WATER SYSTEM DISTRIBUTION AND RETURN
5124-504,OK,OK,OK,OK,OK,OK,OK,NOK,OK,OK,NOK,FWD CENTRAL FRESH WATER SYSTEM DISTRIBUTION AND RETURN
5124-505,NOK,OK,OK,OK,OK,NOK,NOK,NOK,OK,OK,NOK,M15B CENTRAL FRESH WATER SYSTEM DISTRIBUTION AND RETURN
5133-502,NOK,OK,OK,NOK,OK,OK,OK,OK,NOK,OK,NOK,DO PURIFIER SYSTEM (SC-5133501A/B)
5133-505,NOK,OK,OK,OK,OK,NOK,OK,NOK,NOK,OK,NOK,AFT DIESEL OIL OVERFLOW SYSTEM (TQ-5133504)
5133-506,NOK,OK,OK,OK,OK,OK,OK,NOK,NOK,OK,NOK,FWD DIESEL OIL OVERFLOW SYSTEM (B-5133506 & TQ-5133503)
5134-501,NOK,OK,OK,OK,OK,OK,OK,NOK,NOK,OK,NOK,HULL SERVICE AIR DISTRIBUTION FOR MAIN DECK AND FORECASTLE
5134-502,NOK,OK,OK,OK,OK,NOK,NOK,NOK,NOK,Check,NOK,HULL ESSENTIAL INSTRUMENT AIR DISTRIBUTION FOR MAIN DECK AND FORECASTLE
5134-503,OK,OK,OK,OK,OK,NOK,OK,NOK,NOK,OK,NOK,HULL NON-ESSENTIAL INSTRUMENT AIR DISTRIBUTION FOR MAIN DECK AND FORECASTLE
5134-509,OK,OK,OK,OK,OK,OK,OK,NOK,NOK,OK,NOK,HULL SERVICE AIR DISTRIBUTION FOR ENGINE ROOM AND ACCOMODATION
5134-510,OK,OK,OK,OK,OK,NOK,OK,NOK,NOK,OK,NOK,HULL ESSENTIAL INSTRUMENT AIR FOR ENGINE ROOM AND ACCOMODATION
5134-511,OK,OK,OK,OK,OK,OK,OK,NOK,NOK,OK,NOK,HULL NON-ESSENTIAL INSTRUMENT AIR DISTRIBUTION FOR ENGINE ROOM
5139-503,OK,OK,OK,OK,OK,NOK,OK,NOK,NOK,OK,NOK,"HYDRAULIC OIL TRANSFER UNIT, STROAGE & DRAIN TANK (UH-5139504)"
5139-504,OK,OK,NOK,NOK,OK,NOK,OK,NOK,NOK,OK,NOK,HYDRAULIC VALVES REMOCON SYSTEM (UH-5139501) AND DISTRIBUTION TO ER RACKS
5139-505,OK,OK,OK,OK,OK,NOK,OK,NOK,NOK,OK,NOK,ENGINE ROOM SOLENOIDS VALVE RACK A (PN-UH-5139501-01A)
5139-506,OK,OK,OK,OK,OK,OK,OK,NOK,NOK,OK,NOK,ENGINE ROOM SOLENOIDS VALVE RACK B (PN-UH-5139501-01B)
5139-507,OK,OK,NOK,OK,OK,NOK,OK,NOK,NOK,OK,NOK,ENGINE ROOM SOLENOIDS VALVE RACK C (PN-UH-5139501-01C)
5139-508,OK,OK,OK,OK,OK,NOK,OK,NOK,NOK,OK,NOK,MAIN DECK CARGO AREA SOLENOIDS BOX A (PN-UH-5139501-02A)
5139-509,NOK,OK,OK,OK,OK,OK,OK,NOK,NOK,OK,NOK,MAIN DECK CARGO AREA SOLENOIDS BOX B (PN-UH-5139501-02B)
5139-510,OK,OK,OK,OK,OK,OK,OK,NOK,NOK,OK,NOK,MAIN DECK CARGO AREA SOLENOIDS BOX C (PN-UH-5139501-02C)
5139-511,OK,OK,OK,OK,OK,OK,OK,NOK,NOK,OK,NOK,MAIN DECK CARGO AREA SOLENOIDS BOX D (PN-UH-5139501-02D)
5139-512,OK,OK,OK,OK,OK,OK,OK,NOK,NOK,OK,NOK,MAIN DECK CARGO AREA SOLENOIDS BOX E (PN-UH-5139501-02E)
5139-513,OK,OK,OK,OK,OK,OK,OK,NOK,NOK,OK,NOK,MAIN DECK CARGO AREA SOLENOIDS BOX F (PN-UH-5139501-02F)
5139-514,NOK,OK,OK,OK,OK,OK,OK,NOK,NOK,OK,NOK,MAIN DECK CARGO AREA SOLENOIDS BOX G (PN-UH-5139501-02G)
5139-515,NOK,OK,OK,OK,OK,NOK,OK,NOK,NOK,OK,NOK,MAIN DECK CARGO AREA SOLENOIDS BOX H (PN-UH-5139501-02H)
5139-516,OK,OK,OK,OK,OK,NOK,OK,NOK,NOK,OK,NOK,DISTRIBUTION TO MD RACKS AND MD AFT AREA SOLENOIDS BOX (PN-UH-5139501-03)
5140-501,NOK,OK,OK,OK,OK,OK,OK,NOK,NOK,OK,NOK,HULL ELECTRICAL SYSTEM AUTOMATION (ESA)
5143-501,NOK,OK,NOK,OK,OK,NOK,OK,NOK,NOK,OK,NOK,6.6KV MV HULL MCC PN-5143510
5143-502,NOK,OK,OK,OK,OK,NOK,OK,NOK,NOK,OK,NOK,Low-Voltage Auxiliary Switchgear 690V PN-5143501
5143-503,OK,OK,OK,OK,OK,NOK,OK,NOK,NOK,OK,NOK,Low-Voltage Auxiliary MCC 690V PN-5143502
5143-504,OK,OK,NOK,OK,OK,NOK,OK,NOK,NOK,OK,NOK,Low-Voltage Auxiliary MCC 690V PN-5143503
5143-505,NOK,OK,NOK,OK,OK,NOK,OK,NOK,NOK,OK,NOK,Low-Voltage Utilities/Ship Service Switchgear 690V PN-5143504
5143-506,OK,OK,NOK,OK,OK,NOK,OK,NOK,NOK,OK,NOK,Low-Voltage Utilities Ship Service MCC 690V  PN-5143505
5143-507,OK,OK,NOK,OK,OK,NOK,OK,NOK,NOK,OK,NOK,Low-Voltage Utilities/Ship Service MCC 690V PN-5143506
5143-508,NOK,OK,OK,OK,OK,NOK,OK,NOK,NOK,OK,NOK,Low-Voltage Utilities/Ship Service Switchgear 690V  PN-5143507
5143-509,OK,OK,NOK,OK,OK,NOK,OK,NOK,NOK,OK,NOK,Low-Voltage Utilities/Ship Service MCC 690V PN-5143508
5143-510,OK,OK,NOK,OK,OK,NOK,OK,NOK,NOK,OK,NOK,Low-Voltage Utilities/Ship Service MCC 690V PN-5143509
5143-511,OK,OK,OK,OK,OK,NOK,OK,NOK,OK,OK,NOK,Low-Voltage External Shore-Supply Box
5143-514,OK,OK,OK,OK,OK,OK,OK,NOK,OK,OK,NOK,220V ACCOMMODATION HVAC SUPPLY PANEL - PN-5143550 CIRCUITS Main Deck
5143-515,OK,OK,OK,OK,OK,NOK,OK,NOK,OK,OK,NOK,220V ACCOMMODATION HVAC SUPPLY PANEL - PN-5143551 CIRCUITS Deck B
5143-516,OK,OK,OK,OK,OK,OK,OK,NOK,OK,OK,NOK,220V ACCOMMODATION HVAC SUPPLY PANEL - PN-5143552 CIRCUITS Deck C
5143-517,OK,OK,OK,OK,OK,OK,OK,NOK,OK,OK,NOK,220V ACCOMMODATION HVAC SUPPLY PANEL - PN-5143553 CIRCUITS Deck D
5143-518,OK,OK,OK,OK,OK,NOK,OK,NOK,OK,OK,NOK,220V ACCOMMODATION HVAC SUPPLY PANEL - PN-5143554 CIRCUITS Deck E
5143-519,OK,NOK,OK,OK,OK,NOK,OK,NOK,OK,OK,NOK,220V GALLEY DISTRIBUTION PANEL - PN-5143535 AND GALLEY EQUIPMENT
5143-520,OK,OK,OK,OK,OK,NOK,OK,NOK,OK,OK,NOK,220V LAUNDRY DISTRIBUTION PANEL - PN-5143530  AND LAUNDRY EQUIPMENT
5143-521,OK,NOK,OK,OK,OK,NOK,OK,NOK,OK,OK,NOK,220V WORKSHOP DISTRIBUTION PANEL- PN-5143536 CIRCUITS
5143-522,OK,NOK,OK,OK,OK,NOK,OK,NOK,OK,OK,NOK,480V WORKSHOP DISTRIBUTION PANEL - PN-5143521 CIRCUITS
5143-523,OK,OK,NOK,OK,OK,NOK,OK,NOK,OK,OK,NOK,480V  SOCKET FROM NORMAL POWER PN-5143511
5143-524,OK,OK,OK,OK,OK,OK,OK,NOK,OK,OK,NOK,480V  SOCKET FROM NORMAL POWER PN-5143512
5143-525,NOK,OK,OK,OK,OK,OK,OK,NOK,NOK,OK,NOK,HULL TRANSFORMER 13.8-6.6KV  TF-5143501A
5143-526,NOK,OK,OK,OK,OK,OK,OK,NOK,NOK,OK,NOK,HULL TRANSFORMER 13.8-6.6KV  TF-5143501B
5143-527,NOK,OK,OK,OK,OK,OK,OK,NOK,NOK,OK,NOK,HULL TRANSFORMER 13.8-0.69-0.69KV TF-5143502A
5143-528,NOK,OK,OK,OK,OK,OK,OK,NOK,NOK,OK,NOK,HULL TRANSFORMER 13.8-0.69-0.69KV TF-5143502B
5143-529,NOK,OK,OK,OK,OK,OK,OK,NOK,NOK,OK,NOK,HULL TRANSFORMER 13.8-0.69-0.69KV TF-5143503A
5143-530,NOK,OK,OK,OK,OK,OK,OK,NOK,NOK,OK,NOK,HULL TRANSFORMER 13.8-0.69-0.69KV TF-5143503B
5143-531,OK,OK,OK,OK,OK,NOK,OK,NOK,NOK,OK,NOK,HULL NORMAL TRANSFORMER 690-220V TF-5143520A
5143-532,OK,OK,OK,OK,OK,NOK,OK,NOK,NOK,OK,NOK,HULL NORMAL TRANSFORMER 690-220V TF-5143520B
5143-533,OK,OK,OK,OK,OK,NOK,OK,NOK,NOK,OK,NOK,ACCOMMODATION NORMAL TRANSFORMER 690-220V TF-5143521A
5143-534,OK,OK,OK,OK,OK,NOK,OK,NOK,NOK,OK,NOK,ACCOMMODATION NORMAL TRANSFORMER 690-220V TF-5143521B
5143-536,OK,OK,OK,OK,OK,NOK,OK,NOK,OK,OK,NOK,220V HULL SPACE HEATERS DISTRIBUTION PANEL - PN-5143533 CIRCUITS
5143-537,OK,OK,OK,OK,OK,NOK,OK,NOK,OK,OK,NOK,220V HULL SPACE HEATERS DISTRIBUTION PANEL - PN-5143534 CIRCUITS
5143-538,OK,OK,OK,OK,OK,NOK,OK,NOK,OK,OK,NOK,220V ACCOMMODATION NORMAL DISTRIBUTION PANEL PN-5143532
5143-539,OK,OK,OK,OK,OK,NOK,OK,NOK,OK,OK,NOK,220V HULL NORMAL DISTRIBUTION PANEL PN-5143531
5143-540,OK,OK,OK,OK,OK,NOK,OK,NOK,NOK,OK,NOK,Hull Power Socket-Outlets Transformer 0.69-0.48kV TF-5143504
5143-541,OK,OK,OK,OK,OK,NOK,OK,NOK,NOK,OK,NOK,Hull Power Socket-Outlets Transformer 0.69-0.48kV TF-5143505
5145-501,OK,OK,OK,OK,OK,NOK,OK,NOK,OK,OK,NOK,220V ACCOMMODATION NORMAL LIGHTING PANEL - PL-5143502 CIRCUITS MAIN DECK
5145-502,OK,OK,OK,OK,OK,NOK,OK,NOK,OK,OK,NOK,220V ACCOMMODATION NORMAL LIGHTING PANEL - PL-5143506 CIRCUITS DECK A
5145-503,OK,NOK,OK,OK,OK,NOK,OK,NOK,OK,OK,NOK,220V ACCOMMODATION NORMAL LIGHTING PANEL - PL-5143507 CIRCUITS DECK A
5145-504,OK,NOK,OK,OK,OK,NOK,OK,NOK,OK,OK,NOK,220V ACCOMMODATION NORMAL LIGHTING PANEL - PL-5143508 CIRCUITS DECK B
5145-505,OK,OK,OK,OK,OK,NOK,OK,NOK,OK,OK,NOK,220V ACCOMMODATION NORMAL LIGHTING PANEL - PL-5143509 CIRCUITS DECK B
5145-506,OK,OK,OK,OK,OK,NOK,OK,NOK,OK,OK,NOK,220V ACCOMMODATION NORMAL LIGHTING PANEL - PL-5143510 CIRCUITS DECK C
5145-507,OK,NOK,OK,OK,OK,NOK,OK,NOK,OK,Check,NOK,220V ACCOMMODATION NORMAL LIGHTING PANEL - PL-5143511 CIRCUITS DECK C
5145-508,OK,OK,OK,OK,OK,NOK,OK,NOK,OK,OK,NOK,220V ACCOMMODATION NORMAL LIGHTING PANEL - PL-5143512 CIRCUITS DECK D
5145-509,OK,NOK,OK,OK,OK,NOK,OK,NOK,OK,OK,NOK,220V ACCOMMODATION NORMAL LIGHTING PANEL - PL-5143513 CIRCUITS DECK D
5145-510,OK,OK,OK,OK,OK,NOK,OK,NOK,OK,OK,NOK,220V ACCOMMODATION NORMAL LIGHTING PANEL - PL-5143514 CIRCUITS DECK E
5145-511,OK,OK,OK,OK,OK,NOK,OK,NOK,OK,OK,NOK,220V ACCOMMODATION NORMAL LIGHTING PANEL - PL-5143515 CIRCUITS DECK E
5145-512,OK,NOK,OK,OK,OK,NOK,OK,NOK,OK,OK,NOK,220V ACCOMMODATION NORMAL LIGHTING PANEL - PL-5143516 CIRCUITS DECK F
5145-513,OK,NOK,OK,OK,OK,NOK,OK,NOK,OK,Check,NOK,220V HULL NORMAL LIGHTING PANEL - PL-5143501 CIRCUITS
5145-514,OK,NOK,OK,OK,OK,NOK,OK,NOK,OK,OK,NOK,220V HULL NORMAL LIGHTING PANEL - PL-5143505 CIRCUITS
5145-515,OK,OK,OK,OK,OK,NOK,OK,NOK,OK,OK,NOK,220V HULL NORMAL LIGHTING PANEL - PL-5143517 CIRCUITS
5145-516,OK,NOK,OK,OK,OK,NOK,OK,NOK,OK,OK,NOK,220V HULL NORMAL LIGHTING PANEL - PL-5143518 CIRCUITS
5145-517,OK,NOK,OK,OK,OK,NOK,OK,NOK,OK,OK,NOK,220V M-15B NORMAL LIGHTING PANEL - PL-5143115 CIRCUITS
5145-518,OK,OK,OK,OK,OK,NOK,OK,NOK,OK,OK,NOK,220V HULL NORMAL LIGHTING PANEL - PL-5143503 CIRCUITS
5145-519,OK,OK,OK,OK,OK,NOK,OK,NOK,OK,OK,NOK,220V HULL NORMAL LIGHTING PANEL - PL-5143504 CIRCUITS
5145-520,OK,OK,OK,OK,OK,NOK,OK,NOK,OK,OK,NOK,Normal Lighting Panel Laboratory PL-8222001
5148-501,NOK,OK,NOK,OK,OK,NOK,OK,NOK,NOK,OK,NOK,Low-Voltage Essential Switchgear 690V PN-5148501
5148-502,OK,OK,NOK,OK,OK,NOK,OK,NOK,NOK,OK,NOK,Low-Voltage Essential MCC 690V PN-5148502
5148-503,OK,OK,NOK,OK,OK,NOK,OK,NOK,NOK,OK,NOK,Low-Voltage Essential MCC 690V PN-5148503
5148-504,OK,OK,NOK,OK,OK,NOK,OK,NOK,NOK,OK,NOK,Low-Voltage Essential MCC 690V PN-5148505
5148-505,OK,OK,NOK,OK,OK,NOK,OK,NOK,NOK,OK,NOK,Low-Voltage Essential MCC 690V PN-5148506
5148-506,OK,OK,OK,OK,OK,NOK,OK,NOK,OK,OK,NOK,HULL ESSENTIAL DISTRIBUTION PANEL 220VAC PN-5148504
5148-507,OK,OK,OK,OK,OK,NOK,OK,NOK,NOK,OK,NOK,Hull Essential Transformer 690-220V TF-5148501A
5148-508,OK,OK,OK,OK,OK,NOK,OK,NOK,NOK,OK,NOK,Hull Essential Transformer 690-220V TF-5148501B
5148-509,OK,NOK,NOK,OK,OK,NOK,OK,NOK,NOK,OK,NOK,Low-Voltage Hull Power Receptacle for Diving Equipment MCC 480V PN-5148507
5148-510,OK,NOK,NOK,OK,OK,OK,OK,NOK,NOK,OK,NOK,Low-Voltage Hull Power Receptacle for Diving Equipment MCC 480V PN-5148508
5148-511,OK,OK,OK,OK,OK,NOK,OK,NOK,OK,OK,NOK,480 POWER SOCKET
5148-512,OK,OK,OK,OK,OK,NOK,OK,NOK,NOK,OK,NOK,Hull Power Receptacle for Diving Equipment Transformer 0.69-0.48kV TF-5148502
5148-513,OK,OK,OK,OK,OK,NOK,OK,NOK,NOK,OK,NOK,Hull Power Receptacle for Diving Equipment Transformer 0.69-0.48kV TF-5148503
5149-501,OK,OK,OK,OK,OK,NOK,OK,NOK,OK,OK,NOK,220V ESSENTIAL LIGHTING PANEL - MAIN DECK - PL-5148513
5149-502,OK,NOK,OK,OK,OK,NOK,OK,NOK,OK,OK,NOK,220V ESSENTIAL LIGHTING PANEL - MAIN DECK - PL-5148514
5149-503,OK,OK,OK,OK,OK,NOK,OK,NOK,OK,OK,NOK,220V HULL ESSENTIAL LIGHTING PANEL - PL-5148501 CIRCUITS
5149-504,OK,OK,OK,OK,OK,NOK,OK,NOK,OK,OK,NOK,220V HULL ESSENTIAL LIGHTING PANEL - PL-5148502 CIRCUITS
5149-505,OK,NOK,OK,OK,OK,NOK,OK,NOK,OK,OK,NOK,220V HULL ESSENTIAL LIGHTING PANEL - PL-5148503 CIRCUITS
5149-506,OK,NOK,OK,OK,OK,NOK,OK,NOK,OK,OK,NOK,220V ACCOMMODATION ESSENTIAL LIGHTING PANEL - PL-5148504 CIRCUITS
5149-507,OK,NOK,OK,OK,OK,NOK,OK,NOK,OK,OK,NOK,220V ACCOMMODATION ESSENTIAL LIGHTING PANEL - PL-5148505 CIRCUITS
5149-508,OK,OK,OK,OK,OK,NOK,OK,NOK,OK,Check,NOK,220V ACCOMMODATION ESSENTIAL LIGHTING PANEL - PL-5148506 CIRCUITS
5149-509,OK,OK,OK,OK,OK,NOK,OK,NOK,OK,OK,NOK,220V ACCOMMODATION ESSENTIAL LIGHTING PANEL - PL-5148507 CIRCUITS
5149-510,OK,OK,OK,OK,OK,NOK,OK,NOK,OK,Check,NOK,220V ACCOMMODATION ESSENTIAL LIGHTING PANEL - PL-5148508 CIRCUITS
5149-511,OK,OK,OK,OK,OK,NOK,OK,NOK,OK,OK,NOK,220V ACCOMMODATION ESSENTIAL LIGHTING PANEL - PL-5148509 CIRCUITS
5149-512,OK,OK,OK,OK,OK,NOK,OK,NOK,OK,OK,NOK,220V ACCOMMODATION ESSENTIAL LIGHTING PANEL - PL-5148510 CIRCUITS
5149-513,NOK,OK,OK,OK,OK,NOK,OK,NOK,OK,OK,NOK,HELIDECK LIGHTS SYSTEM PL-5148512
5149-514,OK,OK,OK,OK,OK,NOK,OK,NOK,OK,OK,NOK,220V M-15B ESSENTIAL LIGHTING PANEL - PL-5148115 CIRCUITS
5149-515,OK,OK,OK,OK,OK,NOK,OK,NOK,OK,OK,NOK,Essential Lighting Panel Laboratory PL-8222002
5149-516,NOK,OK,OK,OK,OK,OK,OK,NOK,OK,OK,NOK,AVIATION OBSTRUCTION LIGHT SYSTEM FROM PL-5148511
5241-501,NOK,OK,NOK,NOK,OK,NOK,NOK,NOK,NOK,Check,NOK,"INERT GAS GENERATION UNIT A, DECK WATER SEAL MAIN AND DISTRIBUTION"
5241-502,NOK,OK,NOK,NOK,OK,NOK,NOK,NOK,NOK,OK,NOK,INERT GAS GENERATION UNIT B AND DECK WATER SEAL AUXILIARY
5241-503,NOK,OK,OK,OK,OK,OK,NOK,NOK,NOK,OK,NOK,FUEL GAS SUPPLY CABINET A
5241-504,NOK,OK,OK,OK,OK,NOK,NOK,NOK,NOK,OK,NOK,FUEL GAS SUPPLY CABINET B
5241-505,NOK,OK,OK,OK,OK,NOK,NOK,NOK,NOK,OK,NOK,INERT GAS GENERATOR SEAWATER PUMP & DISTRIBUTION
5241-506,NOK,OK,OK,OK,OK,OK,OK,NOK,NOK,OK,NOK,INERT GAS SEAL PUMP & DISTRIBUTION
5241-507,NOK,OK,OK,OK,OK,OK,NOK,NOK,NOK,Check,NOK,PURGING AND STRIPPING SYSTEM FOR SUBMERGED PUMPS PIPE STACKS
5241-508,NOK,OK,OK,OK,OK,OK,NOK,NOK,NOK,OK,NOK,DIESEL OIL DAILY TANK & PUMP UNIT A & B
5241-509,NOK,OK,OK,NOK,OK,NOK,NOK,NOK,NOK,Check,NOK,CLOSED VENTING HEADER
5241-510,NOK,OK,OK,OK,OK,OK,NOK,NOK,NOK,Check,NOK,VENT PURGE HEADER
5241-511,NOK,OK,OK,NOK,OK,OK,NOK,NOK,NOK,OK,NOK,INERT GAS PURGE HEADER
5251-501,NOK,OK,OK,OK,OK,OK,OK,NOK,NOK,OK,NOK,SUPPLY & EXHAUST FANS FOR ENGINE ROOM
5251-502,NOK,OK,OK,OK,OK,NOK,OK,NOK,NOK,OK,NOK,SUPPLY & EXHAUST FANS FOR HULL TRANSFORMER ROOM 2
5251-503,NOK,OK,OK,OK,OK,OK,OK,NOK,NOK,OK,NOK,SUPPLY FAN FOR ESCAPE TRUNK
5251-504,OK,OK,OK,OK,OK,NOK,OK,NOK,NOK,OK,NOK,SUPPLY & EXHAUST FANS FOR PAINT SHOP/PAINT STORE
5251-505,OK,OK,OK,OK,OK,NOK,OK,NOK,NOK,Check,NOK,SUPPLY FAN FOR AUXILIARY GENERATOR ROOM
5251-506,NOK,OK,OK,OK,OK,NOK,OK,NOK,NOK,Check,NOK,SUPPLY FAN FOR EMERGENCY GENERATOR ROOM
5251-507,NOK,OK,OK,OK,OK,OK,OK,NOK,NOK,OK,NOK,SUPPLY & EXHAUST FANS FOR HPU FWD ROOM
5251-508,OK,OK,OK,OK,OK,NOK,OK,NOK,NOK,OK,NOK,SUPPLY FAN FOR HULL NORMAL TRANSFORMER ROOM
5251-509,NOK,OK,OK,OK,OK,OK,OK,NOK,NOK,OK,NOK,SUPPLY & EXHAUST FANS FOR INERT GAS GENERATOR ROOM
5251-510,NOK,OK,OK,OK,OK,OK,OK,NOK,NOK,OK,NOK,SUPPLY FAN FOR TOWING ROOM EASTSIDE/ACCESS SPACE AND LOCKER
5251-511,NOK,OK,OK,OK,OK,OK,OK,NOK,NOK,OK,NOK,SUPPLY FAN FOR TOWING ROOM PORTSIDE/HVAC ROOM
5251-512,NOK,OK,OK,OK,OK,OK,OK,NOK,NOK,OK,NOK,SUPPLY FAN FOR TEMPORARY REFUGE/CORRIDOR AND FWD AIR LOCK
5251-513,NOK,OK,OK,OK,OK,NOK,OK,NOK,NOK,OK,NOK,SUPPLY FAN FOR HULL COMPRESSOR ROOM
5251-514,NOK,OK,OK,OK,OK,OK,OK,NOK,NOK,OK,NOK,SUPPLY & EXHAUST FANS FOR HPU ROOM
5251-515,OK,OK,OK,OK,OK,NOK,OK,NOK,NOK,OK,NOK,SUPPLY & EXHAUST FANS FOR  INERGEN ROOM
5251-516,OK,OK,OK,OK,OK,OK,OK,NOK,NOK,OK,NOK,SUPPLY & EXHAUST FANS FOR FOAM TANK SPACE FOR TOPSIDES
5251-517,NOK,OK,OK,OK,OK,NOK,OK,NOK,NOK,OK,NOK,SUPPLY & EXHAUST FANS FOR WELDING WORKSHOP
5251-518,OK,OK,OK,OK,OK,OK,OK,NOK,NOK,OK,NOK,SUPPLY FAN FOR FOAM TANK SPACE
5251-519,NOK,OK,NOK,OK,OK,NOK,OK,NOK,NOK,OK,NOK,SUPPLY & EXHAUST FANS FOR LAUNDRY AREAS
5251-520,NOK,OK,NOK,OK,OK,OK,OK,NOK,NOK,OK,NOK,SUPPLY & EXHAUST FANS FOR WAREHOUSE MEZZANINNE
5251-521,NOK,OK,OK,OK,OK,OK,OK,NOK,NOK,OK,NOK,SUPPLY & EXHAUST FANS FOR GALLEY
5251-522,NOK,OK,OK,OK,OK,NOK,OK,NOK,NOK,OK,NOK,SUPPLY FAN FOR LQ STAIR
5251-523,NOK,OK,OK,OK,OK,NOK,OK,NOK,NOK,OK,NOK,SUPPLY & EXHAUST FANS FOR HULL BATTERIES ROOM 1
5251-524,NOK,OK,OK,OK,OK,OK,OK,NOK,NOK,OK,NOK,SUPPLY & EXHAUST FANS FOR HULL BATTERIES ROOM 2
5251-525,OK,OK,OK,OK,OK,NOK,OK,NOK,NOK,OK,NOK,SUPPLY FAN FOR HVAC AREA C1
5251-526,OK,OK,OK,OK,OK,NOK,OK,NOK,NOK,OK,NOK,SUPPLY FAN FOR HVAC AREA C3
5251-527,NOK,OK,OK,OK,OK,OK,OK,NOK,NOK,OK,NOK,SUPPLY FAN FOR GALLEY CORRIDOR
5251-528,OK,OK,OK,OK,OK,OK,OK,NOK,NOK,OK,NOK,SUPPLY FAN FOR ELEVATOR MACHINERY ROOM
5251-529,NOK,OK,OK,OK,OK,NOK,OK,NOK,NOK,OK,NOK,EXHAUST FAN FOR NITROGEN GENERATOR ROOM
5251-530,OK,OK,OK,OK,OK,NOK,OK,NOK,NOK,OK,NOK,SUPPLY FAN FOR FWD INERGEN ROOM
5251-531,NOK,OK,OK,OK,OK,OK,OK,NOK,NOK,OK,NOK,EXHAUST FAN FOR NAVY/SAFETY STORE
5251-532,NOK,OK,OK,OK,OK,NOK,OK,NOK,NOK,OK,NOK,EXHAUST FAN FOR WAREHOUSE GARBAGE
5251-533,NOK,OK,OK,OK,OK,OK,OK,NOK,NOK,OK,NOK,EXHAUST FAN FOR GALLON AREA/STAFF WC MALE-FEMALE
5251-534,NOK,OK,OK,OK,OK,OK,OK,NOK,NOK,OK,NOK,EXHAUST FAN FOR BAKERY/WASH AREA
5251-535,NOK,OK,OK,OK,OK,OK,OK,NOK,NOK,OK,NOK,"EXHAUST FAN FOR TREATMENT AREA, CLINIC, INFIRMARY"
5251-536,NOK,OK,OK,OK,OK,OK,OK,NOK,NOK,OK,NOK,EXHAUST FAN FOR LQ GENERAL
5251-537,OK,OK,OK,OK,OK,NOK,OK,NOK,NOK,OK,NOK,EXHAUST FAN FOR BATTERY ROOM F DECK
5251-538,NOK,OK,OK,OK,OK,OK,OK,NOK,NOK,OK,NOK,EXHAUST FAN FOR EIT CABLE TRUNK
5251-539,OK,OK,OK,NOK,OK,NOK,OK,NOK,OK,OK,NOK,HVAC DISTRIBUTION PANEL FOR DAMPER PANEL PN-5250501 AND DAMPER PANELS
5251-540,OK,OK,NOK,NOK,OK,NOK,OK,NOK,OK,OK,NOK,HVAC DISTRIBUTION PANEL FOR DAMPER PANEL PN-5250502 AND DAMPER PANELS
5251-541,OK,OK,OK,NOK,OK,NOK,OK,NOK,OK,OK,NOK,HVAC DISTRIBUTION PANEL FOR DAMPER PANEL PN-5250503 AND DAMPER PANELS
5251-542,OK,OK,OK,NOK,OK,NOK,OK,NOK,OK,OK,NOK,HVAC DISTRIBUTION PANEL FOR DAMPER PANEL PN-5250504 AND DAMPER PANELS
5251-543,OK,OK,NOK,NOK,OK,OK,OK,NOK,OK,OK,NOK,HVAC DISTRIBUTION PANEL FOR DAMPER PANEL PN-5250505 AND DAMPER PANELS
5251-544,OK,OK,OK,NOK,OK,OK,OK,NOK,OK,OK,NOK,HVAC DISTRIBUTION PANEL FOR DAMPER PANEL PN-5250506 AND DAMPER PANELS
5251-545,OK,OK,OK,NOK,OK,OK,OK,NOK,OK,OK,NOK,HVAC DISTRIBUTION PANEL FOR DAMPER PANEL PN-5250507 AND DAMPER PANELS
5252-505,NOK,OK,OK,OK,OK,NOK,OK,NOK,NOK,OK,NOK,CHILLED WATER PUMPS(SECONDARY SYSTEM) B-5252502A/B&HEADER
5252-506,NOK,OK,NOK,OK,OK,NOK,OK,NOK,NOK,OK,NOK,CHILLED WATER PUMPS(SECONDARY SYSTEM) B-5252503A/B&HEADER
5252-507,NOK,OK,NOK,OK,OK,NOK,OK,NOK,NOK,OK,NOK,AIR HANDLING UNIT A/B FOR LQ GENERAL
5252-511,NOK,OK,NOK,OK,OK,NOK,OK,NOK,NOK,OK,NOK,AIR HANDLING UNIT A/B FOR SEISMIC CONTROL ROOM/SEISMIC PANEL ROOM
5252-512,NOK,OK,OK,OK,OK,NOK,OK,NOK,NOK,OK,NOK,AIR HANDLING UNIT A/B FOR ESSENTIAL PANEL ROOM
5252-513,NOK,OK,NOK,OK,OK,NOK,OK,NOK,NOK,OK,NOK,AIR HANDLING UNIT A/B FOR MESS ROOM
5252-514,NOK,OK,NOK,OK,OK,NOK,OK,NOK,NOK,OK,NOK,AIR HANDLING UNIT A/B FOR GALLEY
5252-515,NOK,OK,OK,OK,OK,NOK,OK,NOK,NOK,OK,NOK,AIR HANDLING UNIT A/B FOR HULL NORMAL PANEL ROOM
5252-517,NOK,OK,NOK,OK,OK,OK,OK,NOK,NOK,OK,NOK,FAN COIL UNIT FOR LQ MAIN DECK
5252-518,NOK,OK,NOK,OK,OK,OK,OK,NOK,NOK,OK,NOK,FAN COIL UNIT FOR LQ A DECK
5252-519,NOK,OK,NOK,OK,OK,OK,OK,NOK,NOK,OK,NOK,FAN COIL UNIT FOR LQ B DECK
5252-520,NOK,OK,NOK,OK,OK,NOK,OK,NOK,NOK,OK,NOK,FAN COIL UNIT FOR LQ C DECK
5252-521,NOK,OK,NOK,OK,OK,NOK,OK,NOK,NOK,OK,NOK,FAN COIL UNIT FOR LQ D DECK
5252-522,NOK,OK,NOK,OK,OK,NOK,NOK,NOK,NOK,OK,NOK,FAN COIL UNIT FOR LQ E DECK
5252-523,NOK,OK,OK,OK,OK,NOK,OK,NOK,NOK,OK,NOK,FAN COIL UNIT FOR LQ F DECK
5252-524,NOK,OK,OK,OK,OK,OK,OK,OK,NOK,OK,NOK,LQ AIR CONDITIONING FOR MAIN DECK
5252-525,NOK,OK,OK,OK,OK,OK,OK,OK,NOK,OK,NOK,LQ AIR CONDITIONING FOR A DECK
5252-526,NOK,OK,OK,OK,OK,OK,OK,OK,NOK,OK,NOK,LQ AIR CONDITIONING FOR B DECK
5252-527,NOK,OK,OK,OK,OK,OK,OK,OK,NOK,OK,NOK,LQ AIR CONDITIONING FOR C DECK
5252-528,NOK,OK,OK,OK,OK,OK,OK,OK,NOK,OK,NOK,LQ AIR CONDITIONING FOR D DECK
5252-529,NOK,OK,OK,OK,OK,OK,OK,OK,NOK,OK,NOK,LQ AIR CONDITIONING FOR E DECK
5252-530,NOK,OK,NOK,OK,OK,OK,NOK,OK,NOK,OK,NOK,HVAC FOR M15B
5252-531,NOK,OK,OK,OK,OK,OK,OK,OK,NOK,OK,NOK,HVAC FOR M15B AUXILIARY GENERATOR ROOM
5253-502,NOK,OK,OK,OK,OK,OK,OK,NOK,NOK,OK,NOK,REFRIGERANT CALL ALARM SYSTEM
5261-501,NOK,OK,OK,OK,OK,NOK,OK,OK,NOK,OK,NOK,EMERGENCY GENERATOR PACKAGE UG-5261501
5262-501,OK,OK,OK,OK,OK,NOK,OK,OK,NOK,OK,NOK,AUXILIARY GENERATOR PACKAGE I UG-5262501
5262-502,OK,OK,NOK,OK,OK,NOK,OK,OK,NOK,OK,NOK,AUXILIARY GENERATOR PACKAGE II UG-5262502
5263-501,OK,OK,OK,OK,OK,NOK,OK,NOK,OK,OK,NOK,220V DC EMERGENCY LIGHTING PANEL PCC-5263503A
5263-502,OK,OK,OK,OK,OK,NOK,OK,NOK,OK,OK,NOK,220V DC EMERGENCY LIGHTING PANEL PCC-5263503B
5263-503,OK,OK,OK,OK,OK,NOK,OK,NOK,OK,OK,NOK,220V DC EMERGENCY LIGHTING PANEL PCC-5263504A
5263-504,OK,OK,OK,OK,OK,NOK,OK,NOK,OK,OK,NOK,220V DC EMERGENCY LIGHTING PANEL PCC-5263504B
5263-505,OK,OK,OK,OK,OK,NOK,OK,NOK,OK,OK,NOK,220V DC EMERGENCY LIGHTING PANEL PCC-5263505A
5263-506,OK,OK,OK,OK,OK,NOK,OK,NOK,OK,OK,NOK,220V DC EMERGENCY LIGHTING PANEL PCC-5263505B
5263-507,OK,OK,OK,OK,OK,NOK,OK,NOK,OK,OK,NOK,220V DC EMERGENCY LIGHTING PANEL PCC-5263506A
5263-508,OK,OK,OK,OK,OK,NOK,OK,NOK,OK,OK,NOK,220V DC EMERGENCY LIGHTING PANEL PCC-5263506B
5263-509,OK,OK,OK,OK,OK,NOK,OK,NOK,OK,OK,NOK,220V DC EMERGENCY LIGHTING PANEL PCC-5263507A
5263-510,OK,OK,OK,OK,OK,NOK,OK,NOK,OK,OK,NOK,220V DC EMERGENCY LIGHTING PANEL PCC-5263507B
5263-511,OK,OK,OK,OK,OK,NOK,OK,NOK,OK,OK,NOK,220V DC EMERGENCY LIGHTING PANEL PCC-5263508A
5263-512,OK,OK,OK,OK,OK,NOK,OK,NOK,OK,OK,NOK,220V DC EMERGENCY LIGHTING PANEL PCC-5263508B
5263-513,OK,OK,OK,OK,OK,NOK,OK,NOK,OK,OK,NOK,220V DC EMERGENCY LIGHTING PANEL PCC-5263509A
5263-514,OK,OK,OK,OK,OK,NOK,OK,NOK,OK,OK,NOK,220V DC EMERGENCY LIGHTING PANEL PCC-5263509B
5263-515,OK,OK,OK,OK,OK,NOK,OK,NOK,OK,OK,NOK,220V DC EMERGENCY LIGHTING PANEL PCC-5263510A
5263-516,OK,OK,OK,OK,OK,NOK,OK,NOK,OK,OK,NOK,220V DC EMERGENCY LIGHTING PANEL PCC-5263510B
5263-517,OK,OK,OK,OK,OK,NOK,OK,NOK,OK,OK,NOK,220V DC EMERGENCY LIGHTING PANEL PCC-5263511A
5263-518,OK,OK,OK,OK,OK,NOK,OK,NOK,OK,OK,NOK,220V DC EMERGENCY LIGHTING PANEL PCC-5263511B
5263-519,OK,OK,OK,OK,OK,NOK,OK,NOK,OK,Check,NOK,220V DC EMERGENCY LIGHTING PANEL PCC-5263512A
5263-520,OK,OK,OK,OK,OK,NOK,OK,NOK,OK,OK,NOK,220V DC EMERGENCY LIGHTING PANEL PCC-5263512B
5263-521,OK,OK,OK,OK,OK,NOK,OK,NOK,OK,OK,NOK,220V DC EMERGENCY LIGHTING PANEL PCC-5263513A
5263-522,OK,OK,OK,OK,OK,NOK,OK,NOK,OK,OK,NOK,220V DC EMERGENCY LIGHTING PANEL PCC-5263513B
5263-525,OK,NOK,OK,OK,OK,NOK,OK,NOK,OK,OK,NOK,220V DC EMERGENCY LIGHTING PANEL PCC-5263515
5263-526,NOK,OK,OK,OK,OK,NOK,OK,NOK,OK,OK,NOK,220V DC EMERGENCY LIGHTING PANEL PCC-5263516
5263-527,OK,OK,OK,OK,OK,NOK,OK,NOK,OK,OK,NOK,220V DC EMERGENCY LIGHTING PANEL PCC-5263517A
5263-528,OK,OK,OK,OK,OK,NOK,OK,NOK,OK,OK,NOK,220V DC EMERGENCY LIGHTING PANEL PCC-5263517B
5263-529,OK,OK,OK,OK,OK,NOK,OK,NOK,OK,OK,NOK,Emergency Lighting Panel Laboratory PCC-8222001A
5263-530,OK,OK,OK,OK,OK,NOK,OK,NOK,OK,OK,NOK,Emergency Lighting Panel Laboratory PCC-8222001B
5263-532,OK,OK,OK,OK,OK,NOK,OK,NOK,OK,OK,NOK,EMERGENCY LIGHTING PANEL M-15B PCC-5263115A
5263-533,OK,OK,OK,OK,OK,NOK,OK,NOK,OK,OK,NOK,EMERGENCY LIGHTING PANEL M-15B PCC-5263115B
5263-534,OK,OK,OK,OK,OK,OK,OK,NOK,OK,OK,NOK,HULL EMERGENCY LIGHTING DISTRIBUTION PANEL PCC-5263501A
5263-535,OK,OK,OK,OK,OK,OK,OK,NOK,OK,OK,NOK,HULL EMERGENCY LIGHTING DISTRIBUTION PANEL PCC-5263501B
5264-501,OK,OK,OK,OK,OK,NOK,OK,NOK,NOK,OK,NOK,DC CHARGER AND BATTERY BANK CB-5264501
5264-502,OK,OK,OK,OK,OK,NOK,OK,NOK,NOK,OK,NOK,DC CHARGER AND BATTERY BANK CB-5264502 PAGA A
5264-503,OK,OK,OK,OK,OK,NOK,OK,NOK,NOK,OK,NOK,DC CHARGER AND BATTERY BANK CB-5264503 PAGA B
5264-504,OK,OK,OK,OK,OK,NOK,OK,NOK,NOK,OK,NOK,DC CHARGER AND BATTERY BANK CB-5264504 GMDSS
5264-505,OK,OK,OK,OK,OK,NOK,OK,NOK,NOK,OK,NOK,DC CHARGER AND BATTERY BANK CB-5264505 OPERATIONAL RADIO
5264-506,OK,OK,OK,OK,OK,NOK,OK,NOK,NOK,OK,NOK,DC CHARGER AND BATTERY BANK CB-5264506 UHF ACTIVE REPEATER
5264-507,OK,OK,OK,OK,OK,NOK,OK,NOK,NOK,OK,NOK,DC CHARGER AND BATTERY BANK CB-5264507
5264-508,NOK,OK,OK,OK,OK,OK,OK,NOK,OK,OK,NOK,TELECOM DC ENERGY PANEL -48V DC QCC-5264501
5264-509,NOK,OK,OK,OK,OK,OK,OK,NOK,OK,OK,NOK,TELECOM DC ENERGY PANEL -48V DC QCC-5264502
5264-510,OK,OK,NOK,OK,OK,NOK,OK,NOK,OK,OK,NOK,AC PANEL FOR TELECOMMUNICATION LOADS - PN-5264501
5264-511,OK,OK,OK,OK,OK,NOK,OK,NOK,OK,OK,NOK,AC PANEL FOR TELECOMMUNICATION LOADS - PN-5264502
5264-512,OK,OK,OK,OK,OK,OK,OK,NOK,OK,OK,NOK,AC PANEL FOR TELECOMMUNICATION LOADS - PN-5264503
5264-513,OK,OK,OK,OK,OK,NOK,OK,NOK,OK,OK,NOK,UPS AC PANEL FOR TELECOMMUNICATION LOADS PN-5264504
5264-514,OK,OK,OK,OK,OK,NOK,OK,NOK,OK,OK,NOK,UPS AC PANEL FOR TELECOMMUNICATION LOADS PN-5264505
5264-515,OK,OK,OK,OK,OK,OK,OK,NOK,OK,OK,NOK,UPS AC PANEL FOR TELECOMMUNICATION LOADS PN-5264506
5264-516,OK,OK,OK,OK,OK,OK,OK,NOK,OK,OK,NOK,UPS AC PANEL FOR TELECOMMUNICATION LOADS PN-5264507
5264-517,OK,OK,OK,OK,OK,OK,OK,NOK,OK,OK,NOK,UPS AC PANEL FOR TELECOMMUNICATION LOADS PN-5264508
5265-501,NOK,OK,NOK,OK,OK,NOK,OK,NOK,NOK,OK,NOK,HULL 220V DC EMERGENCY LOADS UPS A CB-5265501A
5265-502,NOK,OK,NOK,OK,OK,NOK,OK,NOK,NOK,OK,NOK,HULL 220V DC EMERGENCY LOADS UPS B CB-5265501B
5265-503,OK,OK,OK,OK,OK,OK,OK,NOK,NOK,OK,NOK,HULL EMERGENCY LOADS DISTRIBUTION PANEL 220VDC - PCC-5265501A
5265-504,OK,OK,OK,OK,OK,OK,OK,NOK,NOK,OK,NOK,HULL EMERGENCY LOADS DISTRIBUTION PANEL 220VDC - PCC-5265501B
5265-505,NOK,OK,NOK,OK,OK,NOK,OK,NOK,NOK,OK,NOK,HULL 220V DC EMERGENCY LIGHTING UPS A CB-5263501A
5265-506,NOK,OK,NOK,OK,OK,NOK,OK,NOK,NOK,OK,NOK,HULL 220V DC EMERGENCY LIGHTING UPS B CB-5263501B
5265-509,OK,OK,OK,OK,OK,NOK,OK,NOK,OK,OK,NOK,220V DC CCR EMERGENCY LOADS DB PCC-5265502
5265-510,OK,OK,OK,OK,OK,NOK,OK,NOK,OK,OK,NOK,220V AC HULL EMERGENCY LOADS DB PN-5265501
5265-511,NOK,OK,NOK,OK,OK,NOK,OK,NOK,NOK,OK,NOK,NAVIAID SYSTEM
5266-501,NOK,OK,OK,OK,OK,OK,OK,NOK,NOK,OK,NOK,ACCOMMODATION ELEVATOR
5266-502,NOK,OK,OK,OK,OK,NOK,OK,NOK,NOK,OK,NOK,LIFTING & HANDLING EQUIPMENT
5267-501,NOK,OK,OK,OK,OK,NOK,OK,NOK,NOK,OK,NOK,ICCP (IMPRESSED CURRENT CATHODIC PROTECTION) SYSTEM
5268-501,NOK,NOK,NOK,NOK,OK,NOK,NOK,NOK,NOK,OK,NOK,HYDRAULIC POWER UNIT & RISER PULL-IN WINCHES
5271-501,NOK,OK,OK,OK,OK,NOK,NOK,NOK,NOK,OK,NOK,BUTTERWORTH PUMP A & DISTRIBUTION (B-5271502A)
5271-502,OK,OK,OK,OK,OK,NOK,OK,NOK,NOK,OK,NOK,BUTTERWORTH PUMP B (B-5271502B)
5271-504,NOK,OK,OK,OK,OK,OK,NOK,NOK,NOK,OK,NOK,SLOP PUMP B (B-5271501B)
5271-505,NOK,OK,OK,OK,OK,OK,NOK,OK,NOK,OK,NOK,TANK CLEANING MACHINE
5310-501,NOK,OK,OK,NOK,OK,OK,NOK,NOK,NOK,OK,NOK,SEWAGE TREATMENT UNIT AND DISCHARGE (Z-5312502A/B)
5310-502,NOK,OK,OK,NOK,OK,OK,NOK,NOK,NOK,OK,NOK,BLACK WATER COLLECTION
5310-503,NOK,OK,OK,NOK,OK,NOK,NOK,NOK,NOK,OK,NOK,GRAY WATER COLLECTION
5310-504,NOK,OK,OK,OK,OK,NOK,OK,NOK,OK,OK,NOK,GARBAGE CRUSHER
5331-501,NOK,NOK,OK,OK,OK,OK,NOK,NOK,NOK,OK,NOK,PRODUCED WATER TANK(PS) & BOOSTER PUMP A/B (B-5331501A/B)
5331-502,NOK,OK,OK,OK,OK,OK,OK,NOK,NOK,OK,NOK,PRODUCED WATER TRANSFER PUMP A/B(B-5331502A/B)
5331-503,NOK,NOK,OK,OK,OK,OK,NOK,NOK,NOK,OK,NOK,PRODUCED WATER TANK(SB) & BOOSTER PUMP C/D(B-5331501C/D)
5331-504,NOK,OK,OK,OK,OK,OK,OK,NOK,NOK,OK,NOK,PRODUCED WATER TRANSFER PUMP C/D(B-5331502C/D)
5335-501,NOK,OK,OK,OK,OK,NOK,NOK,NOK,NOK,OK,NOK,BALLAST PUMP A AND DISTRIBUTION
5335-502,NOK,OK,OK,OK,OK,OK,NOK,NOK,NOK,OK,NOK,BALLAST PUMP B AND DISTRIBUTION
5335-503,NOK,OK,OK,OK,OK,OK,OK,NOK,OK,OK,NOK,"BALLAST TANKS (PS),TANK VENTING AND SOUNDING"
5335-504,NOK,OK,OK,OK,OK,OK,OK,NOK,OK,OK,NOK,"BALLAST TANKS (SB),TANK VENTING AND SOUNDING"
5335-505,NOK,OK,OK,OK,OK,OK,OK,NOK,OK,OK,NOK,"AFT BALLAST TANK_NO9(PS, SB)"
5336-502,NOK,OK,OK,OK,OK,OK,NOK,NOK,NOK,OK,NOK,SLOP OIL SKIMMING PUMP A/B  (B-1358501A/B)
5336-503,OK,OK,OK,OK,OK,OK,OK,NOK,OK,OK,NOK,DIRTY OIL DRAIN HEADER
5336-504,NOK,OK,OK,OK,OK,OK,OK,NOK,OK,OK,NOK,SCUPPERS AND COAMING DRAINS IN ENGINE ROOM
5336-505,NOK,OK,OK,OK,OK,OK,NOK,NOK,OK,OK,NOK,EXPOSED AREA DECK DRAINAGE HEADER
5336-506,NOK,OK,OK,OK,OK,OK,NOK,NOK,OK,OK,NOK,OPEN DRAIN HEADER
5336-507,NOK,OK,OK,OK,OK,NOK,OK,NOK,NOK,OK,NOK,OIL SKIMMING PUMP A/B (B-5336502A/B)
5336-508,NOK,OK,OK,OK,OK,OK,OK,NOK,NOK,OK,NOK,OIL SKIMMING PUMP C/D (B-5336502C/D)
5336-509,NOK,OK,OK,OK,OK,OK,NOK,NOK,OK,OK,NOK,ACCOMMODATION CONDENSATION DRAINAGE
5336-511,NOK,OK,OK,NOK,OK,NOK,OK,NOK,NOK,OK,NOK,SLUDGE TANK AND PUMP (B-5330503)
5336-512,NOK,OK,OK,NOK,OK,NOK,NOK,NOK,OK,OK,NOK,BILGE WATER SETTLING TANK AND AUX BILGE PUMP (B-5330509A/B & TQ-5330501 & TQ-5300509)
5336-513,NOK,OK,OK,OK,OK,NOK,NOK,NOK,OK,Check,NOK,"FORE CASTLE BILGE WELL, DRAINAGE PUMPS (B-5330512A/B) AND FWD OFFLOADING STATION DRAINAGE PNEUMATIC PUMP(B-5330505)"
5336-514,NOK,OK,OK,OK,OK,NOK,NOK,NOK,OK,OK,NOK,UPPER RISER BALCONY DRAINAGE BOX & PUMPS (B-5320501A/B/C/D)
5336-515,OK,OK,OK,OK,OK,NOK,OK,NOK,OK,OK,NOK,AFT OFFLOADING STATION DRAINAGE PNEUMATIC PUMP(B-5330506) AND COFFERDAM PNEUMATIC DRAINAGE PUMPS(B-5330510A/B)
5336-516,NOK,OK,OK,OK,OK,OK,NOK,NOK,OK,OK,NOK,"MAIN DECK DRAINAGE BOX, PUMPS & HEADER (B-5330508A/B/C/D/E/F/G)"
5336-517,OK,OK,OK,OK,OK,OK,OK,NOK,OK,OK,NOK,PORTABLE PNEUMATIC PUMPS FOR HULL DRAINAGE
5423-501,NOK,OK,OK,NOK,OK,NOK,NOK,OK,NOK,OK,NOK,FIREWATER PUMP A (UB-5420501A & B-UB-5420501A-01) AND RING MAIN HEADER
5423-502,NOK,OK,OK,NOK,OK,NOK,OK,OK,NOK,OK,NOK,FIREWATER PUMP B (UB-5420501B & B-UB-5420501B-01)
5423-503,NOK,OK,OK,NOK,OK,NOK,OK,OK,NOK,OK,NOK,FIREWATER PUMP C (UB-5420501C & B-UB-5420501C-01)
5423-504,NOK,OK,OK,NOK,OK,NOK,NOK,OK,NOK,OK,NOK,FIREWATER PUMP D (UB-5420501D & B-UB-5420501D-01)
5423-508,NOK,OK,OK,NOK,OK,OK,OK,OK,NOK,Check,NOK,WATER MIST SYSTEM FOR EGR （UG-5261501）
5423-509,NOK,OK,OK,NOK,OK,OK,OK,OK,NOK,Check,NOK,WATER MIST SYSTEM FOR AGR （UG-5262501）
5423-510,NOK,OK,OK,NOK,OK,NOK,OK,OK,NOK,OK,NOK,WATER MIST SYSTEM FOR HGR （UG-5262502）
5423-511,NOK,OK,OK,OK,OK,OK,NOK,NOK,NOK,OK,NOK,FIRE WATER DISTRIBUTION GROUP 1
5423-512,NOK,OK,OK,OK,OK,OK,NOK,NOK,NOK,OK,NOK,FIRE WATER DISTRIBUTION GROUP 2
5423-513,NOK,OK,OK,OK,OK,OK,NOK,NOK,NOK,OK,NOK,FIRE WATER DISTRIBUTION GROUP 3
5423-514,NOK,OK,OK,OK,OK,OK,NOK,NOK,NOK,Check,NOK,FIRE WATER DISTRIBUTION GROUP 4
5423-527,NOK,OK,OK,NOK,OK,OK,OK,NOK,NOK,OK,NOK,ADV FOR AFT OFFLOADING STATION AND BATTERY ROOM BULKHEAD(ADV-5423001U)
5423-528,NOK,OK,OK,NOK,OK,OK,OK,NOK,NOK,Check,NOK,ADV FOR FWD OFFLOADING STATION (ADV-5423001T)
5423-529,NOK,OK,OK,OK,OK,OK,NOK,NOK,OK,OK,NOK,FIRE WATER FOR M-15B AREA
5424-501,NOK,OK,NOK,NOK,OK,NOK,NOK,NOK,NOK,OK,NOK,FOAM SUPPLY SKID AND DISTRIBUTION (Z-5424501)
5424-502,NOK,OK,OK,NOK,OK,NOK,NOK,NOK,NOK,OK,NOK,FOAM SUPPLY FOR HELIDECK (Z-5424502 & Z-5424503 & Z-5424504)
5424-503,NOK,OK,OK,NOK,OK,OK,NOK,NOK,NOK,OK,NOK,FOAM MONITOR
5424-504,NOK,OK,OK,NOK,OK,OK,NOK,NOK,NOK,OK,NOK,"FOAM DISTRIBUTION - N1-101A, N1-101B AND N1-101C AREA"
5424-505,NOK,OK,OK,NOK,OK,OK,NOK,NOK,NOK,OK,NOK,"FOAM DISTRIBUTION - N1-101D, N1-101E, N1-101F AND N1-101G AREA"
5424-506,NOK,OK,OK,NOK,OK,OK,NOK,NOK,NOK,OK,NOK,"FOAM DISTRIBUTION - N1-101H, N1-101J AND N1-101K AREA"
5424-507,NOK,OK,OK,NOK,OK,OK,NOK,NOK,NOK,OK,NOK,"FOAM DISTRIBUTION - N1-101L, N1-101M AND N1-101N AREA"
5424-508,NOK,OK,OK,NOK,OK,OK,NOK,NOK,NOK,OK,NOK,FOAM DISTRIBUTION - N1-101P AND N1-101R AREA
5424-509,NOK,OK,OK,NOK,OK,NOK,OK,NOK,NOK,OK,NOK,TOPSIDE DECK FOAM SYSTEM AND DISTRIBUTION (Z-5424505)
5425-501,NOK,OK,OK,OK,OK,NOK,NOK,OK,NOK,OK,NOK,CENTRAL IG-541 STORAGE (CN-5425501A/B)
5425-502,NOK,OK,OK,OK,OK,NOK,OK,OK,NOK,OK,NOK,FORECASTLE CENTRAL IG-541 STORAGE (CN-5425503A/B)
5425-503,NOK,OK,OK,OK,OK,OK,OK,OK,NOK,OK,NOK,CENTRAL IG-541 FOR HPU ROOM
5425-504,NOK,OK,OK,OK,OK,OK,OK,OK,NOK,Check,NOK,CENTRAL IG-541 FOR ESSENTIAL PANEL ROOM
5425-505,NOK,OK,OK,OK,OK,OK,OK,OK,NOK,Check,NOK,CENTRAL IG-541 FOR  HULL TRANSFORMER ROOM
5425-506,NOK,OK,OK,OK,OK,OK,OK,OK,NOK,Check,NOK,CENTRAL IG-541 FOR HULL NORMAL PANEL ROOM 1
5425-507,NOK,OK,OK,OK,OK,OK,OK,OK,NOK,OK,NOK,CENTRAL IG-541 FOR PURIFIER ROOM-ENGINE ROOM-6TH DECK
5425-508,NOK,OK,OK,OK,OK,NOK,OK,OK,NOK,Check,NOK,CENTRAL IG-541 FOR HULL TRANSFORMERS ROOM 2
5425-509,NOK,OK,OK,OK,OK,OK,OK,OK,NOK,Check,NOK,FORECASTLE CENTRAL IG-541 FOR INERT GAS GENERATOR ROOM
5425-510,NOK,OK,OK,OK,OK,OK,NOK,OK,NOK,Check,NOK,FORECASTLE CENTRAL IG-541 FOR FWD PAINT SHOP
5425-511,NOK,OK,OK,OK,OK,OK,NOK,OK,NOK,Check,NOK,FORECASTLE CENTRAL IG-541 FOR FWD PAINT STORE
5425-518,NOK,OK,OK,OK,OK,NOK,OK,NOK,NOK,OK,NOK,CO2 VENT POST SNUFFING SYSTEM （CN-5425504A/B/C/D）
5425-519,NOK,OK,OK,OK,OK,NOK,OK,OK,NOK,OK,NOK,WET CHEMICAL FOR GALLEY
5425-520,NOK,OK,OK,OK,OK,NOK,OK,NOK,OK,OK,NOK,OUTDOOR OPEN/CLOSE STATUS
5431-501,NOK,OK,OK,OK,OK,NOK,OK,NOK,OK,OK,NOK,LIFE SAVING EQUIPMENT
5431-502,OK,OK,OK,OK,OK,NOK,OK,NOK,OK,OK,NOK,LIFE RAFT & DAVITS
5431-503,OK,OK,OK,OK,OK,NOK,OK,NOK,OK,OK,NOK,LIFEBOAT A & DAVIT
5431-504,OK,OK,OK,OK,OK,NOK,OK,NOK,OK,OK,NOK,LIFEBOAT B & DAVIT
5431-505,OK,OK,OK,OK,OK,NOK,OK,NOK,OK,OK,NOK,LIFEBOAT C & DAVIT
5431-506,OK,OK,OK,OK,OK,NOK,OK,NOK,OK,OK,NOK,LIFEBOAT D & DAVIT
5431-507,OK,OK,OK,NOK,OK,NOK,OK,NOK,OK,OK,NOK,RESCUE BOAT & DAVIT
5511-501,NOK,OK,OK,OK,OK,NOK,OK,NOK,NOK,OK,NOK,POB SYSTEM PANEL AND WORKSTATIONS
5511-502,NOK,OK,OK,OK,OK,OK,OK,NOK,NOK,OK,NOK,POB FOR ACCOMMODATION
5511-503,NOK,OK,OK,OK,OK,OK,OK,NOK,NOK,OK,NOK,POB FOR ENGINE ROOM
5511-504,NOK,OK,OK,OK,OK,OK,OK,NOK,NOK,OK,NOK,POB FOR MAIN DECK
5511-505,NOK,OK,OK,OK,OK,OK,OK,NOK,NOK,OK,NOK,POB FOR FORECASTLE
5511-506,NOK,OK,OK,OK,OK,OK,OK,NOK,NOK,OK,NOK,POB FOR M-15B
5511-507,NOK,OK,OK,OK,OK,OK,OK,NOK,OK,OK,NOK,IT EQUIPMENT-COMPUTERS&PRINTERS FOR LQ
5511-508,OK,OK,OK,OK,OK,OK,OK,NOK,OK,OK,NOK,IT EQUIPMENT-COMPUTERS&PRINTERS FOR M15B
5511-509,NOK,OK,OK,OK,OK,NOK,OK,NOK,OK,OK,NOK,"IT EQUIPMENT-TABLETS, SMARTPHONES AND GLASSES"
5512-501,OK,OK,OK,OK,OK,NOK,OK,NOK,NOK,Check,NOK,SATELLITE MAIN
5512-502,OK,OK,OK,OK,OK,OK,OK,NOK,NOK,Check,NOK,SATELLITE BACK UP
5512-503,NOK,OK,OK,OK,OK,OK,OK,NOK,NOK,OK,NOK,LTE RADIO LINK
5512-504,NOK,OK,OK,OK,OK,NOK,OK,NOK,NOK,OK,NOK,INFRASTRUCTURE FOR SUBMARINE OPTIC NETWORK
5513-501,OK,OK,OK,OK,OK,NOK,OK,NOK,OK,OK,NOK,VIDEOCONFERENCE SYSTEM-A409 MEETING ROOM 1
5513-502,OK,OK,OK,OK,OK,NOK,OK,NOK,OK,OK,NOK,VIDEOCONFERENCE SYSTEM-A418 MEETING ROOM 2
5513-503,OK,OK,OK,OK,OK,NOK,OK,NOK,OK,OK,NOK,VIDEOCONFERENCE SYSTEM-A715 INFIRMARY
5513-504,OK,OK,OK,OK,OK,NOK,OK,NOK,OK,OK,NOK,VIDEOCONFERENCE SYSTEM-A403 CCR
5513-505,OK,OK,OK,OK,OK,NOK,OK,NOK,OK,OK,NOK,VIDEOCONFERENCE SYSTEM-A427 AUDITORIUM ROOM
5514-501,NOK,OK,OK,OK,OK,NOK,OK,NOK,NOK,OK,NOK,CCTV PANEL CTV-5514501 AND WORKSTATION
5514-502,NOK,OK,OK,OK,OK,OK,OK,NOK,NOK,OK,NOK,PORTABLE WI-FI CAMERA
5514-503,NOK,OK,OK,OK,OK,NOK,OK,NOK,NOK,OK,NOK,CCTV CAMERAS FOR ACCOMMODATION
5514-504,OK,OK,OK,OK,OK,OK,OK,NOK,NOK,OK,NOK,CCTV CAMERAS FOR ENGINE ROOM
5514-505,OK,OK,OK,OK,OK,NOK,OK,NOK,NOK,OK,NOK,CCTV CAMERAS FOR MAIN DECK UNDER MODULE
5514-506,OK,OK,OK,OK,OK,NOK,OK,NOK,NOK,OK,NOK,CCTV CAMERAS FOR FORECASTLE AND RISER BALCONY
5514-507,OK,OK,OK,OK,OK,NOK,OK,NOK,NOK,OK,NOK,VOICE AND VIDEO RECORDER FOR EPTA-M
5514-508,NOK,OK,OK,OK,OK,NOK,OK,NOK,NOK,OK,NOK,CCTV CAMERAS TOPSIDE M15B
5515-501,NOK,OK,OK,OK,OK,OK,OK,NOK,NOK,OK,NOK,UHF ACTIVE REPEATER PANEL AND NETWORK FOR HULL
5515-502,OK,OK,OK,OK,OK,NOK,OK,NOK,NOK,Check,NOK,OPERATIONAL RADIO FOR RADIO ROOM
5515-503,OK,OK,OK,OK,OK,NOK,OK,NOK,NOK,Check,NOK,OPERATIONAL RADIO FOR CCR
5515-504,NOK,OK,OK,OK,OK,NOK,OK,NOK,NOK,OK,NOK,OPERATIONAL RADIO TOPSIDE M15B
5515-505,NOK,OK,OK,OK,OK,NOK,OK,NOK,NOK,Check,NOK,OPERATIONAL RADIO FOR OTHER AREAS
5515-506,OK,OK,OK,OK,OK,NOK,OK,NOK,NOK,Check,NOK,GMDSS SYSTEM
5515-507,OK,OK,OK,OK,OK,OK,OK,NOK,NOK,OK,NOK,GMDSS PORTABLE EQUIPMENT
5515-508,OK,OK,OK,OK,OK,OK,OK,NOK,NOK,OK,NOK,AIS SYSTEM
5515-509,NOK,OK,OK,OK,OK,NOK,OK,NOK,NOK,OK,NOK,UHF & VHF PORTABLE RADIOS
5515-510,OK,OK,OK,OK,OK,OK,OK,NOK,NOK,OK,NOK,AERONAUTICS VHF SYSTEM
5515-511,OK,OK,OK,OK,OK,OK,OK,NOK,NOK,OK,NOK,PORTABLE AERONAUTICS VHF SYSTEM
5515-512,OK,OK,OK,OK,OK,OK,OK,NOK,NOK,OK,NOK,SART
5515-513,OK,OK,OK,OK,OK,OK,OK,NOK,NOK,Check,NOK,EPIRB
5515-514,OK,OK,OK,OK,OK,OK,OK,NOK,NOK,OK,NOK,PULL IN VHF RADIO SYSTEM
5516-501,OK,OK,OK,OK,OK,NOK,OK,NOK,NOK,OK,NOK,TELEPHONY PABX
5516-502,OK,OK,OK,OK,OK,NOK,OK,NOK,NOK,OK,NOK,TELEPHONY INDUSTRIAL NETWORK FOR HULL
5516-503,NOK,OK,OK,OK,OK,NOK,OK,NOK,NOK,OK,NOK,TELEPHONY NETWORK TOPSIDE M15B
5516-504,OK,OK,OK,OK,OK,OK,OK,NOK,NOK,Check,NOK,TELEPHONY SATELLITAL
5516-505,NOK,OK,OK,OK,OK,NOK,OK,NOK,NOK,OK,NOK,IP TELEPHONE AT HULL
5517-501,NOK,OK,OK,OK,OK,OK,OK,NOK,OK,OK,NOK,STRUCTURED ELECTRICAL CABLING FOR ACCOMMODATION
5517-502,OK,OK,OK,OK,OK,NOK,OK,NOK,OK,OK,NOK,STRUCTURED ELECTRICAL CABLING FOR ENGINE ROOM
5517-503,OK,OK,OK,OK,OK,OK,OK,NOK,NOK,OK,NOK,STRUCTURED OPTICAL CABLING
5517-504,NOK,OK,OK,OK,OK,NOK,OK,NOK,NOK,OK,NOK,DATA NETWORK DEVICES - WAN AND CORE SWITCHES
5517-505,NOK,OK,OK,OK,OK,NOK,OK,NOK,NOK,OK,NOK,DATA NETWORK DEVICES - LAN ACCESS SWITCHES
5517-506,NOK,OK,OK,OK,OK,OK,OK,NOK,NOK,OK,NOK,WLAN AT HULL ACCOMMODATION
5517-507,NOK,OK,OK,OK,OK,OK,OK,NOK,NOK,OK,NOK,WLAN AT HULL ENGINE ROOM
5517-508,NOK,OK,OK,OK,OK,OK,OK,NOK,NOK,OK,NOK,WLAN AT HULL MAIN DECK
5517-509,OK,OK,OK,OK,OK,NOK,OK,NOK,NOK,OK,NOK,DATA NETWORK DEVICES TOPSIDE M15B
5517-510,NOK,OK,OK,OK,OK,OK,OK,NOK,NOK,OK,NOK,STRUCTURED FTP AND OPTICAL CABLING FOR M15B
5517-511,NOK,OK,OK,OK,OK,NOK,OK,NOK,NOK,OK,NOK,WLAN NETWORK TOPSIDE M15B
5517-512,NOK,OK,OK,OK,OK,OK,OK,NOK,NOK,OK,NOK,WLAN AT FORECASTLE
5517-513,OK,OK,OK,OK,OK,OK,OK,NOK,NOK,OK,NOK,IT EQUIPMENT - CORPORATE SERVERS AND STORAGE
5517-514,OK,OK,OK,OK,OK,OK,OK,NOK,OK,OK,NOK,IT EQUIPMENT - DMZ SERVERS AND STORAGE
5518-501,NOK,OK,OK,OK,OK,OK,OK,NOK,NOK,OK,NOK,PAGA A CORE EQUIPMENT PANEL
5518-502,NOK,OK,OK,OK,OK,OK,OK,NOK,NOK,OK,NOK,PAGA B CORE EQUIPMENT PANEL
5518-503,NOK,OK,OK,OK,OK,OK,OK,NOK,NOK,OK,NOK,PAGA AU AT HULL AND M15B
5518-504,OK,OK,OK,OK,OK,OK,OK,NOK,NOK,OK,NOK,PAGA A LOOP FROM CJE-5518502A
5518-505,OK,OK,OK,OK,OK,NOK,OK,NOK,NOK,OK,NOK,PAGA A LOOP FROM DGI-5518501A AMP A01&A02
5518-506,OK,OK,OK,OK,OK,NOK,OK,NOK,NOK,OK,NOK,PAGA A LOOP FROM DGI-5518501A AMP A03&A04
5518-507,OK,OK,OK,OK,OK,OK,OK,NOK,NOK,OK,NOK,PAGA A LOOP FROM DGI-5518501A AMP A05&A06
5518-508,OK,OK,OK,OK,OK,OK,OK,NOK,NOK,OK,NOK,PAGA B LOOP FROM CJE-5518502B
5518-509,OK,OK,OK,OK,OK,NOK,OK,NOK,NOK,OK,NOK,PAGA B LOOP FROM DGI-5518501B AMP B01&B02
5518-510,OK,OK,OK,OK,OK,NOK,OK,NOK,NOK,OK,NOK,PAGA B LOOP FROM DGI-5518501B AMP B03&B04
5518-511,OK,OK,OK,OK,OK,OK,OK,NOK,NOK,OK,NOK,PAGA B LOOP FROM DGI-5518501B AMP B05&B06
5518-512,OK,OK,OK,OK,OK,NOK,OK,NOK,NOK,OK,NOK,PAGA  ACU
5518-513,NOK,OK,OK,OK,OK,NOK,OK,NOK,NOK,OK,NOK,PAGA A LOOP FROM CDI-5518019A AMP A30&A32 AND CJE-5518019A  FOR M15B
5518-514,NOK,OK,OK,OK,OK,NOK,OK,NOK,NOK,OK,NOK,PAGA B LOOP FROM CDI-5518019B AMP B30&B32  AND CJE-5518019B  FOR M15B
5518-515,OK,OK,OK,OK,OK,OK,OK,NOK,NOK,OK,NOK,PAGA A LOOP FROM DGI-5518501A AMP A07 & A08
5518-516,OK,OK,OK,OK,OK,OK,OK,NOK,NOK,OK,NOK,PAGA A LOOP FROM DGI-5518501A AMP A09 & A10
5518-518,OK,OK,OK,OK,OK,OK,OK,NOK,NOK,OK,NOK,PAGA B LOOP FROM DGI-5518501B AMP B07 & B08
5518-519,OK,OK,OK,OK,OK,OK,OK,NOK,NOK,OK,NOK,PAGA B LOOP FROM DGI-5518501B AMP B09 & B10
5519-501,NOK,OK,OK,OK,OK,OK,OK,NOK,NOK,Check,NOK,TVRO MAIN PANEL
5519-502,NOK,OK,OK,OK,OK,OK,OK,NOK,NOK,OK,NOK,TVRO NETWORK
5519-503,NOK,OK,OK,OK,OK,NOK,OK,NOK,NOK,OK,NOK,TVRO DEVICE
5519-504,NOK,OK,OK,OK,OK,OK,OK,NOK,NOK,OK,NOK,UHF TV
5520-501,OK,OK,OK,OK,OK,NOK,OK,NOK,NOK,OK,NOK,HULL CSS PANEL PN-5520501
5520-502,OK,OK,OK,OK,OK,NOK,OK,NOK,NOK,OK,NOK,CSS REMOTE I/O PANEL PN-5520502
5520-503,OK,OK,OK,OK,OK,NOK,OK,NOK,NOK,OK,NOK,CSS REMOTE I/O PANEL PN-5520503
5520-504,OK,OK,OK,OK,OK,NOK,OK,NOK,NOK,OK,NOK,CSS REMOTE I/O PANEL PN-5520504
5520-505,OK,OK,OK,OK,OK,NOK,OK,NOK,NOK,OK,NOK,CSS REMOTE I/O PANEL PN-5520505
5520-506,OK,OK,OK,OK,OK,NOK,OK,NOK,NOK,OK,NOK,CSS REMOTE I/O PANEL PN-5520506
5520-507,OK,OK,OK,OK,OK,NOK,OK,NOK,NOK,OK,NOK,CSS REMOTE I/O PANEL PN-5520507
5521-501,NOK,OK,OK,OK,OK,NOK,OK,NOK,NOK,Check,NOK,ENVIRONMENTAL DEVICES AND NETWORK
5522-501,OK,OK,OK,OK,OK,NOK,OK,NOK,OK,OK,NOK,F&G DETECTION - M-15B
5522-502,OK,OK,OK,OK,OK,NOK,OK,NOK,OK,OK,NOK,F&G DETECTION - ACCOMMODATION - LQ MAIN DECK
5522-503,OK,OK,OK,OK,OK,NOK,OK,NOK,OK,OK,NOK,F&G DETECTION - ACCOMMODATION - A DECK
5522-504,OK,OK,OK,OK,OK,NOK,OK,NOK,OK,OK,NOK,F&G DETECTION - ACCOMMODATION - B DECK
5522-505,OK,OK,OK,OK,OK,NOK,OK,NOK,OK,OK,NOK,F&G DETECTION - ACCOMMODATION - C DECK
5522-506,OK,OK,OK,OK,OK,NOK,OK,NOK,OK,Check,NOK,F&G DETECTION - ACCOMMODATION - D DECK
5522-508,OK,OK,OK,OK,OK,OK,OK,NOK,OK,OK,NOK,F&G DETECTION - ACCOMMODATION - F DECK
5522-509,OK,OK,OK,OK,OK,OK,OK,NOK,OK,OK,NOK,F&G DETECTION - ACCOMMODATION - TOP DECK
5522-510,OK,OK,OK,OK,OK,NOK,OK,NOK,OK,OK,NOK,F&G DETECTION - ENGINE ROOM
5522-511,OK,OK,OK,OK,OK,NOK,OK,NOK,OK,OK,NOK,F&G DETECTION - HULL MAIN DECK
5522-512,OK,OK,OK,OK,OK,NOK,OK,NOK,OK,OK,NOK,F&G DETECTION - FORECASTLE DECK
5522-513,OK,OK,OK,OK,OK,NOK,OK,NOK,OK,OK,NOK,F&G DETECTION - BALCONEY
5522-520,NOK,OK,OK,OK,OK,OK,OK,OK,OK,OK,NOK,ADDRESSABLE FIRE DETECTION SYSTEM (AFDS)
5522-521,NOK,OK,OK,OK,OK,OK,OK,OK,OK,OK,NOK,ADDRESSABLE FIRE DETECTION SYSTEM LOOP 1
5522-522,NOK,OK,OK,OK,OK,NOK,OK,OK,OK,OK,NOK,ADDRESSABLE FIRE DETECTION SYSTEM LOOP 2
5522-523,OK,OK,OK,OK,OK,OK,OK,OK,OK,OK,OK,ADDRESSABLE FIRE DETECTION SYSTEM LOOP 3
5522-524,OK,OK,OK,OK,OK,NOK,OK,OK,OK,OK,NOK,ADDRESSABLE FIRE DETECTION SYSTEM LOOP 4
5522-525,NOK,OK,OK,OK,OK,OK,OK,OK,OK,OK,NOK,ADDRESSABLE FIRE DETECTION SYSTEM LOOP 5
5522-526,NOK,OK,OK,OK,OK,OK,OK,OK,OK,OK,NOK,ADDRESSABLE FIRE DETECTION SYSTEM LOOP 6
5522-527,OK,OK,OK,OK,OK,OK,OK,OK,OK,OK,OK,ADDRESSABLE FIRE DETECTION SYSTEM LOOP 7
5522-528,OK,OK,OK,OK,OK,OK,OK,OK,OK,OK,OK,ADDRESSABLE FIRE DETECTION SYSTEM LOOP 8
5522-529,OK,OK,OK,OK,OK,NOK,OK,OK,OK,OK,NOK,ADDRESSABLE FIRE DETECTION SYSTEM LOOP 9
5522-530,OK,OK,OK,OK,OK,NOK,OK,OK,OK,OK,NOK,ADDRESSABLE FIRE DETECTION SYSTEM LOOP 10
5522-531,OK,OK,OK,OK,OK,NOK,OK,OK,OK,OK,NOK,ADDRESSABLE FIRE DETECTION SYSTEM LOOP 11
5522-532,OK,OK,OK,OK,OK,NOK,OK,OK,OK,OK,NOK,ADDRESSABLE FIRE DETECTION SYSTEM LOOP 12
5522-533,OK,OK,OK,OK,OK,OK,OK,OK,OK,OK,OK,ADDRESSABLE FIRE DETECTION SYSTEM LOOP 13
5522-534,OK,OK,OK,OK,OK,OK,OK,OK,OK,OK,OK,ADDRESSABLE FIRE DETECTION SYSTEM LOOP 14
5522-535,OK,OK,OK,OK,OK,OK,OK,OK,OK,OK,OK,ADDRESSABLE FIRE DETECTION SYSTEM LOOP 15
5522-536,OK,OK,OK,OK,OK,OK,OK,OK,OK,OK,OK,ADDRESSABLE FIRE DETECTION SYSTEM LOOP 16
5522-537,OK,OK,OK,OK,OK,OK,OK,OK,OK,OK,OK,ADDRESSABLE FIRE DETECTION SYSTEM LOOP 17&18
5522-538,OK,OK,OK,OK,OK,NOK,OK,OK,OK,OK,NOK,ADDRESSABLE FIRE DETECTION SYSTEM LOOP 19&20
5522-539,OK,OK,OK,OK,OK,OK,OK,OK,OK,OK,OK,ADDRESSABLE FIRE DETECTION SYSTEM LOOP 21&22
5523-501,OK,OK,OK,OK,OK,OK,OK,NOK,OK,OK,NOK,HULL ELECTRO-OPTICAL CONVERSION PANEL PN-5523505
5523-502,OK,OK,OK,OK,OK,NOK,OK,NOK,NOK,OK,NOK,HULL SOS CLUSTERS PANEL PN-5523508
5523-503,OK,OK,OK,OK,OK,NOK,OK,NOK,NOK,OK,NOK,"HULL STRUCTURAL TANKS LEVEL, INTERFACE, PRESSURE AND TEMPERATURE MONITORING SYSTEMS (HSTS)"
5523-504,OK,OK,OK,OK,OK,NOK,OK,NOK,NOK,OK,NOK,MACHINERY MONITORING SYSTEM (MMS)
5523-505,NOK,OK,NOK,OK,OK,OK,OK,OK,NOK,OK,NOK,HULL STRUCTURE HEALTH MONITORING SYSTEM (HSHMS)
5523-506,OK,OK,NOK,OK,OK,NOK,OK,NOK,NOK,OK,NOK,HULL CPU PANEL PN-5500516
5524-501,OK,OK,NOK,OK,OK,NOK,OK,NOK,OK,OK,NOK,SUBSEA AND RESERVOIR MONITORING SYSTEM
5525-501,NOK,OK,OK,OK,OK,OK,NOK,NOK,NOK,OK,NOK,TANK HYDROCARBON GAS SAMPLING SYSTEM
5525-502,NOK,OK,NOK,OK,OK,OK,NOK,NOK,NOK,OK,NOK,TANK OXYGEN SAMPLING SYSTEM
5525-503,NOK,OK,OK,OK,OK,OK,NOK,NOK,NOK,OK,NOK,PORTABLE GAS CHROMATOGRAPH SYSTEM-M15B
5537-501,NOK,OK,OK,OK,OK,NOK,OK,NOK,NOK,Check,NOK,POSITIONING AND NAVIGATION SYSTEM
5537-502,NOK,OK,NOK,OK,OK,NOK,OK,NOK,NOK,Check,NOK,POSITIONING REFERENCE SYSTEM FOR STERN
5537-503,NOK,OK,OK,OK,OK,NOK,OK,NOK,NOK,OK,NOK,POSITIONING REFERENCE SYSTEM FOR BOW
5591-501,OK,OK,OK,OK,OK,OK,OK,NOK,NOK,OK,NOK,STRUCTURED ELECTRICAL CABLING FOR AUTOMATION NETWORK HULL
5591-502,OK,OK,OK,OK,OK,OK,OK,NOK,NOK,OK,NOK,STRUCTURED OPTICAL CABLING FOR AUTOMATION NETWORK HULL
6410-501,NOK,OK,NOK,NOK,OK,NOK,OK,NOK,NOK,OK,NOK,DIESEL OIL AND FRESHWATER HOSE REEL A (PN-Z-5100501A)
6410-502,NOK,OK,NOK,NOK,OK,NOK,OK,NOK,NOK,OK,NOK,DIESEL OIL AND FRESHWATER HOSE REEL B (PN-Z-5100501B)
6650-501,OK,OK,OK,OK,OK,OK,OK,NOK,NOK,OK,NOK,"DRAUGHT, TRIM AND HEEL TRANSMITTER"
6654-501,OK,OK,OK,OK,OK,NOK,OK,NOK,OK,OK,NOK,AFT TOWING RETRIEVAL WINCH(GN-1350501A/B)
6654-502,NOK,OK,OK,OK,OK,OK,OK,NOK,OK,OK,NOK,FWD TOWING RETRIEVAL WINCH(GN-1350502A/B)
8215-501,OK,OK,OK,OK,OK,NOK,OK,NOK,OK,OK,NOK,HOSPITAL SYSTEM
8221-501,OK,OK,OK,OK,OK,NOK,OK,NOK,OK,OK,NOK,CENTRAL CONTROL ROOM
8224-501,OK,OK,OK,OK,OK,NOK,OK,OK,OK,OK,NOK,MECHANICAL WORKSHOP EQUIPMENT
8224-502,OK,OK,OK,OK,OK,NOK,OK,OK,OK,OK,NOK,INSTRUMENT WORKSHOP EQUIPMENT
8224-503,OK,OK,OK,OK,OK,OK,OK,OK,OK,OK,OK,ELECTRICAL WORKSHOP EQUIPMENT
8224-505,OK,OK,OK,OK,OK,NOK,OK,NOK,OK,OK,NOK,WELDING WORKSHOP EQUIPMEN
8224-506,OK,OK,OK,OK,OK,NOK,OK,OK,OK,OK,NOK,PSV WORKSHOP EQUIPMENT
8230-501,NOK,OK,OK,OK,OK,NOK,OK,NOK,OK,OK,NOK,LAUNDRY ROOM
8237-501,NOK,OK,NOK,OK,OK,NOK,OK,NOK,OK,OK,NOK,GALLEY ROOM/MESS ROOM AND OTHERS
